{
  "B": {
    "Y_mean": {
      "global_gain": 89.07743037670565,
      "global_gamma": -60.37160781312733,
      "dR": 0.25783498636574675,
      "dG": 0.5116009619014961,
      "dB": 0.060427103265450664,
      "sat_scale": -17.48392260030389,
      "left_scale": 0.6604188862650376,
      "right_scale": -0.46355461953644334,
      "highlight_rolloff": -0.5364563826439657,
      "face_warm_desat": 0.21812285720956348,
      "right_warm_add": 0.12558462433753587
    },
    "Y_std": {
      "global_gain": 56.6844091880537,
      "global_gamma": -1.736351775981389,
      "dR": 0.012915164846164597,
      "dG": -0.022953829305719965,
      "dB": 0.02762223014169392,
      "sat_scale": -1.4941786047674557,
      "left_scale": 1.7619427281441278,
      "right_scale": -0.6387722142013227,
      "highlight_rolloff": -3.470676780659914,
      "face_warm_desat": -6.5430115021157285,
      "right_warm_add": -0.29949258295729564
    },
    "Y_p10": {
      "global_gain": 8.207720802304122,
      "global_gamma": -20.15022586696582,
      "dR": 0.2118965197339288,
      "dG": 0.4242111481664083,
      "dB": 0.012383049706810215,
      "sat_scale": -3.964992155185852,
      "left_scale": -0.9626933343147746,
      "right_scale": -0.5141588930688645,
      "highlight_rolloff": 4.818399285252204,
      "face_warm_desat": 7.343251275258547,
      "right_warm_add": 0.5698411801398019
    },
    "Y_p50": {
      "global_gain": 93.19928972832216,
      "global_gamma": -90.93177240901892,
      "dR": 0.2706548957933348,
      "dG": 0.6167118229960906,
      "dB": 0.09017435618766345,
      "sat_scale": -25.816328826166462,
      "left_scale": 0.3753005605100519,
      "right_scale": 0.678706106332114,
      "highlight_rolloff": -0.4139339954532497,
      "face_warm_desat": 1.714291243104375,
      "right_warm_add": 0.16604353666922833
    },
    "Y_p90": {
      "global_gain": 182.4728019276664,
      "global_gamma": -35.07996575349906,
      "dR": 0.3034024105440734,
      "dG": 0.37485397195349807,
      "dB": 0.11233538296641966,
      "sat_scale": -18.01405040171364,
      "left_scale": 6.543651296249649,
      "right_scale": -0.854328742233506,
      "highlight_rolloff": -7.648490630286775,
      "face_warm_desat": -8.965258728234177,
      "right_warm_add": -0.35952427992750396
    },
    "Y_p99": {
      "global_gain": 151.85260263957622,
      "global_gamma": -21.23370349862968,
      "dR": 0.24294805699245725,
      "dG": 0.261353513896043,
      "dB": 0.12205304330843163,
      "sat_scale": -13.52566942109205,
      "left_scale": 3.3826777636638456,
      "right_scale": -4.358842606327683,
      "highlight_rolloff": -10.865715767910181,
      "face_warm_desat": -24.78215366269648,
      "right_warm_add": -0.9587365605886693
    },
    "R_mean": {
      "global_gain": 98.89491572233457,
      "global_gamma": -77.15123521608258,
      "dR": 0.9186430333528687,
      "dG": -0.017287235586035857,
      "dB": -0.02821747666876217,
      "sat_scale": -10.55256178973903,
      "left_scale": 0.848982741477615,
      "right_scale": -0.09515664338541385,
      "highlight_rolloff": 0.15328625273412655,
      "face_warm_desat": -0.3372410552252627,
      "right_warm_add": 0.20163662520349845
    },
    "G_mean": {
      "global_gain": 85.08835340107476,
      "global_gamma": -53.55188513625134,
      "dR": -0.026373318614787707,
      "dG": 0.8842375402009939,
      "dB": -0.04262265317370983,
      "sat_scale": -19.71460616317266,
      "left_scale": 0.3648525737221273,
      "right_scale": -0.5770550051612275,
      "highlight_rolloff": -1.0166159362872738,
      "face_warm_desat": 0.4266796458145723,
      "right_warm_add": 0.07983433236053417
    },
    "B_mean": {
      "global_gain": 83.8685478608609,
      "global_gamma": -51.477328717979724,
      "dR": -0.01191760397260519,
      "dG": -0.019978598343424227,
      "dB": 0.8235453675053688,
      "sat_scale": -24.17764981567732,
      "left_scale": 1.687710946845709,
      "right_scale": -0.8453730960741243,
      "highlight_rolloff": 0.12684276050873144,
      "face_warm_desat": 0.6009224264518691,
      "right_warm_add": 0.16166878671986712
    },
    "color_temp": {
      "global_gain": 15.02636786147368,
      "global_gamma": -25.673906498102863,
      "dR": 0.9305606373254739,
      "dG": 0.0026913627573883214,
      "dB": -0.851762844174131,
      "sat_scale": 13.625088025938295,
      "left_scale": -0.8387282053680956,
      "right_scale": 0.7502164526887112,
      "highlight_rolloff": 0.02644349222539155,
      "face_warm_desat": -0.9381634816771296,
      "right_warm_add": 0.03996783848363167
    },
    "tint": {
      "global_gain": -6.293379517040687,
      "global_gamma": 10.762397421941968,
      "dR": -0.4797360018427115,
      "dG": 0.9028704612578394,
      "dB": -0.440286599668197,
      "sat_scale": -2.349498635258434,
      "left_scale": -0.9034939178476951,
      "right_scale": -0.10679064657864967,
      "highlight_rolloff": -1.156680634008855,
      "face_warm_desat": 0.2948421110298034,
      "right_warm_add": -0.10181838289726235
    },
    "sat_mean": {
      "global_gain": -27.896239158655746,
      "global_gamma": -2.6270809517908886,
      "dR": 0.26035204806124,
      "dG": -0.01666036331493337,
      "dB": -0.49019253756201364,
      "sat_scale": 85.51868295430558,
      "left_scale": 10.830654042985083,
      "right_scale": -2.9500880258056306,
      "highlight_rolloff": 9.926235047370039,
      "face_warm_desat": -13.37019768776917,
      "right_warm_add": -0.12135940891257137
    },
    "L_mean": {
      "global_gain": 90.36164868796851,
      "global_gamma": -65.68729559789816,
      "dR": 0.23394829195821093,
      "dG": 0.5754599994909163,
      "dB": 0.017515279620240826,
      "sat_scale": -13.840313508406773,
      "left_scale": 0.739234639697932,
      "right_scale": -0.5307582541712731,
      "highlight_rolloff": 0.3943057657321032,
      "face_warm_desat": 0.5296033571600547,
      "right_warm_add": 0.16227970791506197
    },
    "a_mean": {
      "global_gain": 5.379191004133526,
      "global_gamma": -9.773606767351161,
      "dR": 0.3580270556401651,
      "dG": -0.48571799732813786,
      "dB": 0.1557827436931773,
      "sat_scale": 3.9154574871187613,
      "left_scale": 0.39386542615089626,
      "right_scale": 0.3390707586395066,
      "highlight_rolloff": 1.198708907592735,
      "face_warm_desat": 0.07786546504331932,
      "right_warm_add": 0.044757637391065364
    },
    "b_mean": {
      "global_gain": 3.7832631692352825,
      "global_gamma": -6.547176721139027,
      "dR": 0.14776784632352008,
      "dG": 0.3319993231923615,
      "dB": -0.4640801172958436,
      "sat_scale": 6.256348300219083,
      "left_scale": -0.4615507114529578,
      "right_scale": 0.17162879758603689,
      "highlight_rolloff": -0.05253571415922448,
      "face_warm_desat": -0.1786714632597961,
      "right_warm_add": -0.005556514301436888
    },
    "H_mean": {
      "global_gain": -3.55677734751297,
      "global_gamma": 6.031041019004947,
      "dR": -0.2737704765016038,
      "dG": -1.4309479141463213,
      "dB": 2.1969542212445767,
      "sat_scale": 6.295752652140732,
      "left_scale": 2.1004567371993588,
      "right_scale": -2.483194375018618,
      "highlight_rolloff": 28.372220750325212,
      "face_warm_desat": 8.853366734581032,
      "right_warm_add": 1.142711887664361
    },
    "S_mean": {
      "global_gain": -27.896239158655746,
      "global_gamma": -2.6270809517908886,
      "dR": 0.26035204806124,
      "dG": -0.01666036331493337,
      "dB": -0.49019253756201364,
      "sat_scale": 85.51868295430558,
      "left_scale": 10.830654042985083,
      "right_scale": -2.9500880258056306,
      "highlight_rolloff": 9.926235047370039,
      "face_warm_desat": -13.37019768776917,
      "right_warm_add": -0.12135940891257137
    },
    "V_mean": {
      "global_gain": 101.98891011811297,
      "global_gamma": -81.29831804299127,
      "dR": 0.5040559117677412,