{
  "has_face": false,
  "Y_mean": 98.5148941040039,
  "Y_std": 64.44881439208984,
  "Y_p10": 12.01520004272461,
  "Y_p50": 98.68699798583984,
  "Y_p90": 183.6236395263672,
  "Y_p99": 248.90701293945312,
  "R_mean": 111.07020721435546,
  "G_mean": 92.94220275878907,
  "B_mean": 94.27908325195312,
  "color_temp": 16.791123962402345,
  "tint": -9.732443237304688,
  "sat_mean": 112.06005497685184,
  "L_mean": 104.35511627197266,
  "a_mean": 8.851626586914062,
  "b_mean": 3.3442352294921873,
  "H_mean": 75.05325675154322,
  "S_mean": 112.06005497685184,
  "V_mean": 122.46808989197532,
  "edge_density": 34.950619506835935,
  "patch_variance": 4156.7677734375,
  "Yf_mean": 98.68699798583984,
  "Yf_p99": 236.46166229248047,
  "color_temp_f": 16.791123962402345,
  "sat_f": 112.06005497685184,
  "R_face": 111.07020721435546,
  "B_face": 94.27908325195312,
  "Yf_TL": 98.68699798583984,
  "Yf_TR": 98.68699798583984,
  "Yf_BL": 98.68699798583984,
  "Yf_BR": 98.68699798583984,
  "Rf_highlight": 131.07020721435546,
  "warmth_highlight": 11.791123962402345,
  "Yf_LR_diff": 0.0,
  "R_LR_diff": 0.0,
  "sat_LR_diff": 0.0,
  "_meta": {
    "source": "docs/segA_latentsync.mp4",
    "frame_index": "last",
    "frames_averaged": 5,
    "mode": "hybrid_ideal_face"
  }
}