{
  "B": {
    "Y_mean": {
      "global_gain": 85.439642299212,
      "global_gamma": -64.27114280348712,
      "dR": 0.25796538377806344,
      "dG": 0.47894309620024816,
      "dB": 0.062387703690411,
      "sat_scale": -25.836939558835077,
      "left_scale": 0.46129887581103557,
      "right_scale": 0.17769669347007186,
      "highlight_rolloff": -0.541570088539916,
      "face_warm_desat": 2.4153537740139757,
      "right_warm_add": 0.2138210728928206
    },
    "Y_std": {
      "global_gain": 49.572015029350815,
      "global_gamma": -0.12254852825398865,
      "dR": -0.003825952716961331,
      "dG": 0.012417613691710093,
      "dB": 0.04289999227012856,
      "sat_scale": -2.1989568603182463,
      "left_scale": 2.4169580638881056,
      "right_scale": 0.0696125516900924,
      "highlight_rolloff": -5.291244789536875,
      "face_warm_desat": -8.636560677279261,
      "right_warm_add": -0.4878848771125528
    },
    "Y_p10": {
      "global_gain": 11.782481118712608,
      "global_gamma": -32.35510036307325,
      "dR": 0.2696511946200171,
      "dG": 0.35493001007022473,
      "dB": -0.004981131085851593,
      "sat_scale": -8.471152424046537,
      "left_scale": -1.06666394746262,
      "right_scale": -0.2951595098156269,
      "highlight_rolloff": 5.319565765669635,
      "face_warm_desat": 9.305813254381324,
      "right_warm_add": 0.7384972445133444
    },
    "Y_p50": {
      "global_gain": 87.24166602161156,
      "global_gamma": -89.23426757923431,
      "dR": 0.2533100820310447,
      "dG": 0.566001158461419,
      "dB": 0.08597745483924245,
      "sat_scale": -40.88856405402586,
      "left_scale": -0.6076950457475061,
      "right_scale": 0.3262044644863659,
      "highlight_rolloff": -1.9771643950768554,
      "face_warm_desat": 2.8778702802657956,
      "right_warm_add": 0.1629843132340834
    },
    "Y_p90": {
      "global_gain": 191.67576550151614,
      "global_gamma": -40.19909287938857,
      "dR": 0.27955988063950604,
      "dG": 0.47928154645434345,
      "dB": 0.09939224273426711,
      "sat_scale": -21.945597697190564,
      "left_scale": 8.731835259019412,
      "right_scale": 2.734402240848608,
      "highlight_rolloff": -4.913793468851766,
      "face_warm_desat": -4.391664309382633,
      "right_warm_add": -0.26307376337819044
    },
    "Y_p99": {
      "global_gain": 117.15291766440308,
      "global_gamma": -15.796915179878672,
      "dR": 0.19588441529345615,
      "dG": 0.21137387750157327,
      "dB": 0.17496687665408173,
      "sat_scale": -13.57594549057432,
      "left_scale": 3.4277430210181623,
      "right_scale": -4.539064147064523,
      "highlight_rolloff": -24.054916025767376,
      "face_warm_desat": -38.85194386677399,
      "right_warm_add": -1.7516886516070054
    },
    "R_mean": {
      "global_gain": 104.9585598727816,
      "global_gamma": -96.42292398948808,
      "dR": 0.9036569424326089,
      "dG": -0.014877111445356958,
      "dB": -0.015377278827111263,
      "sat_scale": -10.598005795005113,
      "left_scale": 1.505750671661568,
      "right_scale": 1.145505412391782,
      "highlight_rolloff": -0.169023603677374,
      "face_warm_desat": -1.1859885254692752,
      "right_warm_add": 0.10190095154973533
    },
    "G_mean": {
      "global_gain": 76.40657546724825,
      "global_gamma": -49.46618517575094,
      "dR": -0.01990242203223659,
      "dG": 0.8289015706338821,
      "dB": -0.04471676375214077,
      "sat_scale": -32.54368997313195,
      "left_scale": -0.27190207676392,
      "right_scale": -0.20096646590734513,
      "highlight_rolloff": -0.7402281620830251,
      "face_warm_desat": 4.190625155354153,
      "right_warm_add": 0.2627073552557819
    },
    "B_mean": {
      "global_gain": 80.75773421783268,
      "global_gamma": -56.17570471456713,
      "dR": -0.004784545549897171,
      "dG": -0.02783592342037271,
      "dB": 0.8178431045031764,
      "sat_scale": -31.271664268820828,
      "left_scale": 1.4973230124687467,
      "right_scale": -0.41083867603370045,
      "highlight_rolloff": -0.4954211519047802,
      "face_warm_desat": 2.720054520398059,
      "right_warm_add": 0.2556725743620699
    },
    "color_temp": {
      "global_gain": 24.20082565494893,
      "global_gamma": -40.247219274920965,
      "dR": 0.908441487982506,
      "dG": 0.01295881197501575,
      "dB": -0.8332203833302878,
      "sat_scale": 20.673658473815713,
      "left_scale": 0.008427659192821735,
      "right_scale": 1.5563440884254829,
      "highlight_rolloff": 0.3263975482274075,
      "face_warm_desat": -3.9060430458673316,
      "right_warm_add": -0.15377162281233453
    },
    "tint": {
      "global_gain": -16.451572185927972,
      "global_gamma": 26.833126327359707,
      "dR": -0.46933859298919745,
      "dG": 0.8502581122956938,
      "dB": -0.4459497287826628,
      "sat_scale": -11.608856314462239,
      "left_scale": -1.7734370800799608,
      "right_scale": -0.5682997553875595,
      "highlight_rolloff": -0.4080031058361424,
      "face_warm_desat": 3.4235881557101044,
      "right_warm_add": 0.0839204320343317
    },
    "sat_mean": {
      "global_gain": -21.28576487841879,
      "global_gamma": -4.450256473053807,
      "dR": 0.31341895242170453,
      "dG": -0.3563174599587035,
      "dB": -0.27255088970610447,
      "sat_scale": 98.30647659359644,
      "left_scale": 6.9060080433025535,
      "right_scale": 0.651093604054855,
      "highlight_rolloff": 12.05571751828715,
      "face_warm_desat": -6.0108733941132035,
      "right_warm_add": 0.06558492387376036
    },
    "L_mean": {
      "global_gain": 89.5082006068464,
      "global_gamma": -74.042184691673,
      "dR": 0.2735149842990341,
      "dG": 0.5105063937491041,
      "dB": 0.027513568401991463,
      "sat_scale": -19.53544885364257,
      "left_scale": 0.9523914595900396,
      "right_scale": 0.36135153362258327,
      "highlight_rolloff": 0.2501760184374544,
      "face_warm_desat": 1.6214402770759095,
      "right_warm_add": 0.19199346600669698
    },
    "a_mean": {
      "global_gain": 10.62479106239006,
      "global_gamma": -18.54351270745366,
      "dR": 0.3393496397670359,
      "dG": -0.4485194585904929,
      "dB": 0.14981508868222024,
      "sat_scale": 9.165375596996938,
      "left_scale": 0.7334438691943717,
      "right_scale": 0.5698690883073692,
      "highlight_rolloff": 0.6087240723628833,
      "face_warm_desat": -1.5917194626961098,
      "right_warm_add": -0.060367286190468876
    },
    "b_mean": {
      "global_gain": 4.554817038066818,
      "global_gamma": -8.08909683480471,
      "dR": 0.16388588460540357,
      "dG": 0.29747655408168516,
      "dB": -0.45558691213337044,
      "sat_scale": 7.20003368613718,
      "left_scale": -0.2169280086251305,
      "right_scale": 0.43002303602295955,
      "highlight_rolloff": 0.12660211180171177,
      "face_warm_desat": -0.8788995407045764,
      "right_warm_add": -0.05012944913728937
    },
    "H_mean": {
      "global_gain": 0.7102522936279461,
      "global_gamma": -6.654428283101696,
      "dR": -0.09260755404839616,
      "dG": -1.6774954023547686,
      "dB": 2.4404339510744735,
      "sat_scale": 1.6251905777934574,
      "left_scale": 0.33166200535477763,
      "right_scale": 0.025399383698654354,
      "highlight_rolloff": 7.529863589680539,
      "face_warm_desat": -2.288632504452316,
      "right_warm_add": 0.13050080831017097
    },
    "S_mean": {
      "global_gain": -21.28576487841879,
      "global_gamma": -4.450256473053807,
      "dR": 0.31341895242170453,
      "dG": -0.3563174599587035,
      "dB": -0.27255088970610447,
      "sat_scale": 98.30647659359644,
      "left_scale": 6.9060080433025535,
      "right_scale": 0.651093604054855,
      "highlight_rolloff": 12.05571751828715,
      "face_warm_desat": -6.0108733941132035,
      "right_warm_add": 0.06558492387376036
    },
    "V_mean": {
      "global_gain": 110.03162546745132,
      "global_gamma": -103.24450064387523,
      "dR": 0.6035155354228947,