{
  "has_face": true,
  "Y_mean": 94.59793090820312,
  "Y_std": 69.80969848632813,
  "Y_p10": 8.897360095977792,
  "Y_p50": 89.29869842529297,
  "Y_p90": 204.34408264160163,
  "Y_p99": 252.76100158691406,
  "R_mean": 116.78912963867188,
  "G_mean": 84.18781890869141,
  "B_mean": 89.99753265380859,
  "color_temp": 26.791596984863283,
  "tint": -19.205511474609374,
  "sat_mean": 125.72828703703703,
  "L_mean": 101.94860382080078,
  "a_mean": 14.470651245117187,
  "b_mean": 4.960589599609375,
  "H_mean": 86.70213946759259,
  "S_mean": 125.72828703703703,
  "V_mean": 126.69842245370369,
  "edge_density": 21.95526580810547,
  "patch_variance": 4876.10556640625,
  "Yf_mean": 103.30696716308594,
  "Yf_p99": 252.6522003173828,
  "R_face": 123.75565032958984,
  "B_face": 96.87003479003906,
  "color_temp_f": 26.88561553955078,
  "sat_f": 105.13142206488087,
  "Yf_TL": 165.72898864746094,
  "Yf_TR": 49.987353515625,
  "Yf_BL": 132.43143463134766,
  "Yf_BR": 48.55468063354492,
  "Rf_highlight": 250.333154296875,
  "warmth_highlight": -0.8877432942390442,
  "Yf_LR_diff": 99.81168823242187,
  "R_LR_diff": 102.67155303955079,
  "sat_LR_diff": -59.75376155070969,
  "_meta": {
    "source": "docs/segB_latentsync.mp4",
    "frame_index": "last",
    "frames_averaged": 5
  }
}