{
  "B": {
    "Y_mean": {
      "global_gain": 81.57459435634297,
      "global_gamma": -59.35107489590583,
      "dR": 0.21601906984579078,
      "dG": 0.45120924789157957,
      "dB": 0.09935927192448663,
      "sat_scale": -21.708099688420383,
      "left_scale": -0.0940626587621376,
      "right_scale": -2.123402723787744,
      "highlight_rolloff": -1.800396406035081,
      "face_warm_desat": 2.0319023854153335,
      "right_warm_add": 0.07483386774846162
    },
    "Y_std": {
      "global_gain": 45.606633633692795,
      "global_gamma": -0.311842342345209,
      "dR": 0.009777200800028564,
      "dG": -0.03176776313184828,
      "dB": 0.045995693142422286,
      "sat_scale": -0.3187792213570919,
      "left_scale": 1.69564975738636,
      "right_scale": -0.0870427280627506,
      "highlight_rolloff": -3.299244288894795,
      "face_warm_desat": -4.667229371592669,
      "right_warm_add": -0.31574052854018075
    },
    "Y_p10": {
      "global_gain": 15.154710866725004,
      "global_gamma": -37.399013452816405,
      "dR": 0.22647112500281463,
      "dG": 0.4550721712293014,
      "dB": 0.024367411528801307,
      "sat_scale": -11.745369659879444,
      "left_scale": -1.2029009510099895,
      "right_scale": -1.5160661092403862,
      "highlight_rolloff": 1.8976569161921881,
      "face_warm_desat": 6.691315488520736,
      "right_warm_add": 0.47887873696573513
    },
    "Y_p50": {
      "global_gain": 84.8683525176898,
      "global_gamma": -77.0596474680569,
      "dR": 0.2146815971475835,
      "dG": 0.4979743572238068,
      "dB": 0.11577456573537415,
      "sat_scale": -30.31850949696045,
      "left_scale": -0.6359903585188162,
      "right_scale": -2.678186355391689,
      "highlight_rolloff": -2.1468185665594404,
      "face_warm_desat": 1.689238021167899,
      "right_warm_add": 0.03789037523418304
    },
    "Y_p90": {
      "global_gain": 158.62556859983994,
      "global_gamma": -48.864706774865454,
      "dR": 0.2551262799439472,
      "dG": 0.40657764836541693,
      "dB": 0.150974343606707,
      "sat_scale": -17.414324524856507,
      "left_scale": 3.2811430109089095,
      "right_scale": -1.1997330234803476,
      "highlight_rolloff": -4.43484495018924,
      "face_warm_desat": 0.12498473986511272,
      "right_warm_add": -0.22161834180440598
    },
    "Y_p99": {
      "global_gain": 132.83727396529417,
      "global_gamma": -20.29447079163823,
      "dR": 0.16460292607966692,
      "dG": 0.2755769140345488,
      "dB": 0.20889280732969073,
      "sat_scale": -11.36673088863907,
      "left_scale": 4.1659010324032195,
      "right_scale": -2.9807165622886544,
      "highlight_rolloff": -12.824381227568427,
      "face_warm_desat": -26.191273357727432,
      "right_warm_add": -1.3352361206574161
    },
    "R_mean": {
      "global_gain": 94.07718127343307,
      "global_gamma": -75.45059786111962,
      "dR": 0.838607505865378,
      "dG": -0.08951851575800848,
      "dB": 0.019300519300925058,
      "sat_scale": -10.54683215363907,
      "left_scale": -0.35564669359822454,
      "right_scale": -2.6109446784721637,
      "highlight_rolloff": 0.37555059356176024,
      "face_warm_desat": -0.21127588577412437,
      "right_warm_add": 0.15528139817563558
    },
    "G_mean": {
      "global_gain": 75.4218612599959,
      "global_gamma": -52.124152991856214,
      "dR": -0.05202400605903785,
      "dG": 0.8234246942181612,
      "dB": -0.004140001892302632,
      "sat_scale": -26.191795311868553,
      "left_scale": -0.3140851787911594,
      "right_scale": -1.8731331565363871,
      "highlight_rolloff": -3.2678334514939125,
      "face_warm_desat": 3.4289814840694044,
      "right_warm_add": 0.025868145733155545
    },
    "B_mean": {
      "global_gain": 80.46404664653853,
      "global_gamma": -54.33739259863438,
      "dR": -0.03672198272800127,
      "dG": -0.04715053078002385,
      "dB": 0.8422719286350161,
      "sat_scale": -27.89496439462813,
      "left_scale": 1.7250554390757067,
      "right_scale": -2.133357827156663,
      "highlight_rolloff": 0.048375792802426876,
      "face_warm_desat": 0.7213327937598928,
      "right_warm_add": 0.11597878748968475
    },
    "color_temp": {
      "global_gain": 13.61313463833682,
      "global_gamma": -21.11320525702839,
      "dR": 0.8753294891904572,
      "dG": -0.04236798503520153,
      "dB": -0.8229714104806525,
      "sat_scale": 17.348132248136427,
      "left_scale": -2.0807021284787997,
      "right_scale": -0.47758687703778646,
      "highlight_rolloff": 0.3271748184650294,
      "face_warm_desat": -0.932608701252966,
      "right_warm_add": 0.03930261127193463
    },
    "tint": {
      "global_gain": -11.848751310957503,
      "global_gamma": 12.769841519788471,
      "dR": -0.45296675792041396,
      "dG": 0.8917592191350813,
      "dB": -0.43492618125827864,
      "sat_scale": -6.970897166165978,
      "left_scale": -0.9987918240452625,
      "right_scale": 0.4990181236489082,
      "highlight_rolloff": -3.4797954755276237,
      "face_warm_desat": 3.173951686317641,
      "right_warm_add": -0.10976173534955587
    },
    "sat_mean": {
      "global_gain": 38.52359949524671,
      "global_gamma": -26.998865764647746,
      "dR": -0.5479280432042924,
      "dG": 1.146770870747364,
      "dB": -0.012209502733300473,
      "sat_scale": 111.48484307086802,
      "left_scale": 16.367429537376967,
      "right_scale": 21.610954251573872,
      "highlight_rolloff": 74.91708676474289,
      "face_warm_desat": 59.67828699498141,
      "right_warm_add": 0.8705301638648558
    },
    "L_mean": {
      "global_gain": 83.43901739315908,
      "global_gamma": -65.30976052528678,
      "dR": 0.2169325883902559,
      "dG": 0.4853419961571621,
      "dB": 0.05639147958878776,
      "sat_scale": -17.72216660436227,
      "left_scale": -0.22295894647837589,
      "right_scale": -2.630299731416508,
      "highlight_rolloff": -2.1937693010520674,
      "face_warm_desat": 1.3889506012871693,
      "right_warm_add": 0.0986390751499292
    },
    "a_mean": {
      "global_gain": 7.67548575116443,
      "global_gamma": -9.464854372688407,
      "dR": 0.3313873035037689,
      "dG": -0.4839421879501426,
      "dB": 0.15471606171755695,
      "sat_scale": 6.79102321058237,
      "left_scale": 0.32439914536797776,
      "right_scale": -0.2869636279561531,
      "highlight_rolloff": 2.3099879180008926,
      "face_warm_desat": -1.4470665356941326,
      "right_warm_add": 0.04481801797659549
    },
    "b_mean": {
      "global_gain": 1.3424601744392084,
      "global_gamma": -4.643610466891797,
      "dR": 0.14540067287489566,
      "dG": 0.3015522405993998,
      "dB": -0.4493571852301875,
      "sat_scale": 6.4983931955984335,
      "left_scale": -0.9343376956312601,
      "right_scale": -0.04607484123150629,
      "highlight_rolloff": -1.4115354188843674,
      "face_warm_desat": 0.7673528096882525,
      "right_warm_add": -0.022572076174454447
    },
    "H_mean": {
      "global_gain": 25.543522895747216,
      "global_gamma": -13.702517281211241,
      "dR": -0.42620127646087314,
      "dG": -1.173293994887617,
      "dB": 2.35642972654895,
      "sat_scale": 10.441615644431955,
      "left_scale": 8.58004550109469,
      "right_scale": 8.173482328226205,
      "highlight_rolloff": 38.73546021477847,
      "face_warm_desat": 19.52347384460716,
      "right_warm_add": 0.7522437771735909
    },
    "S_mean": {
      "global_gain": 38.52359949524671,
      "global_gamma": -26.998865764647746,
      "dR": -0.5479280432042924,
      "dG": 1.146770870747364,
      "dB": -0.012209502733300473,
      "sat_scale": 111.48484307086802,
      "left_scale": 16.367429537376967,
      "right_scale": 21.610954251573872,
      "highlight_rolloff": 74.91708676474289,
      "face_warm_desat": 59.67828699498141,
      "right_warm_add": 0.8705301638648558
    },
    "V_mean": {
      "global_gain": 99.6333237720462,
      "global_gamma": -82.8839120310627,
      "dR": 0.5015430436096571,