{
  "B": {
    "Y_mean": {
      "global_gain": 81.60954678928223,
      "global_gamma": -59.35933954844512,
      "dR": 0.21614518843484237,
      "dG": 0.4512240070677198,
      "dB": 0.09937104363563909,
      "sat_scale": -21.731725462019774,
      "left_scale": -0.12219378975148298,
      "right_scale": -2.1266158774399013,
      "highlight_rolloff": -1.7985448221841935,
      "face_warm_desat": 2.0364212331747584,
      "right_warm_add": 0.07463835691533838
    },
    "Y_std": {
      "global_gain": 45.650127575677544,
      "global_gamma": -0.3078227051096478,
      "dR": 0.00993276099116018,
      "dG": -0.031508843026656685,
      "dB": 0.04586599934444191,
      "sat_scale": -0.3047857349039973,
      "left_scale": 1.6240201741306115,
      "right_scale": -0.09212422727355418,
      "highlight_rolloff": -3.2874157965561825,
      "face_warm_desat": -4.642776108729505,
      "right_warm_add": -0.315695633341444
    },
    "Y_p10": {
      "global_gain": 15.187220737368502,
      "global_gamma": -37.40051946057676,
      "dR": 0.22548241939468217,
      "dG": 0.4543865318621463,
      "dB": 0.02505614756964359,
      "sat_scale": -11.758086259696032,
      "left_scale": -1.1992705205855179,
      "right_scale": -1.5339295473890608,
      "highlight_rolloff": 1.8537511439398675,
      "face_warm_desat": 6.667346225576383,
      "right_warm_add": 0.47762328169611984
    },
    "Y_p50": {
      "global_gain": 84.9006679011739,
      "global_gamma": -77.07938620505948,
      "dR": 0.21488156986097576,
      "dG": 0.4979312451052912,
      "dB": 0.11570023970052255,
      "sat_scale": -30.333051408333553,
      "left_scale": -0.6273515412469188,
      "right_scale": -2.682324804191711,
      "highlight_rolloff": -2.1605951876604763,
      "face_warm_desat": 1.6523507595961533,
      "right_warm_add": 0.037550079708895456
    },
    "Y_p90": {
      "global_gain": 158.63884634825797,
      "global_gamma": -48.6825925477097,
      "dR": 0.25511388760734216,
      "dG": 0.40708055283456257,
      "dB": 0.14995625434273313,
      "sat_scale": -17.317920875185433,
      "left_scale": 3.1069919157371246,
      "right_scale": -1.1911377118234205,
      "highlight_rolloff": -4.409194158582388,
      "face_warm_desat": 0.3808379243750615,
      "right_warm_add": -0.21511248885903256
    },
    "Y_p99": {
      "global_gain": 132.86732174720296,
      "global_gamma": -20.284601619685645,
      "dR": 0.16478924710851592,
      "dG": 0.27550750528215356,
      "dB": 0.20892012713211783,
      "sat_scale": -11.357126793650892,
      "left_scale": 4.128845051612437,
      "right_scale": -3.005597931956937,
      "highlight_rolloff": -12.830760354450536,
      "face_warm_desat": -26.221883591828718,
      "right_warm_add": -1.3374155641682313
    },
    "R_mean": {
      "global_gain": 94.15101131810289,
      "global_gamma": -75.4893728370839,
      "dR": 0.8388655182086565,
      "dG": -0.08952240336577334,
      "dB": 0.019175190338089832,
      "sat_scale": -10.532060289472387,
      "left_scale": -0.38872204052109494,
      "right_scale": -2.6208912861577742,
      "highlight_rolloff": 0.36798291533682637,
      "face_warm_desat": -0.20499944716926688,
      "right_warm_add": 0.1559380407520452
    },
    "G_mean": {
      "global_gain": 75.42901392912007,
      "global_gamma": -52.10841969589914,
      "dR": -0.051970330601843806,
      "dG": 0.8234844892495483,
      "dB": -0.0041117925678640505,
      "sat_scale": -26.241864295018882,
      "left_scale": -0.3394078835423727,
      "right_scale": -1.8715862043333118,
      "highlight_rolloff": -3.2604957646902117,
      "face_warm_desat": 3.4346203646059794,
      "right_warm_add": 0.02519641654821342
    },
    "B_mean": {
      "global_gain": 80.53981910878542,
      "global_gamma": -54.38910925214159,
      "dR": -0.03657039753389198,
      "dG": -0.04731961088680602,
      "dB": 0.8425546896667074,
      "sat_scale": -27.88295236722282,
      "left_scale": 1.695242849606346,
      "right_scale": -2.143320658564977,
      "highlight_rolloff": 0.046825419835836435,
      "face_warm_desat": 0.7157951082666827,
      "right_warm_add": 0.11599888031377432
    },
    "color_temp": {
      "global_gain": 13.611192167430751,
      "global_gamma": -21.100263630795478,
      "dR": 0.8754359149894856,
      "dG": -0.042202792893941965,
      "dB": -0.8233794977216469,
      "sat_scale": 17.35089210309898,
      "left_scale": -2.0839648836647724,
      "right_scale": -0.47757060606171775,
      "highlight_rolloff": 0.3211575088536227,
      "face_warm_desat": -0.9207944714435863,
      "right_warm_add": 0.03993916010065307
    },
    "tint": {
      "global_gain": -11.916403172375228,
      "global_gamma": 12.830820946274748,
      "dR": -0.45311788893693683,
      "dG": 0.8919055182707369,
      "dB": -0.43497672981783086,
      "sat_scale": -7.034357125891412,
      "left_scale": -0.9926685177978514,
      "right_scale": 0.5105202126886723,
      "highlight_rolloff": -3.4679005922983386,
      "face_warm_desat": 3.17922123237444,
      "right_warm_add": -0.11077206817818538
    },
    "sat_mean": {
      "global_gain": 38.546510537306496,
      "global_gamma": -26.9922543292325,
      "dR": -0.5473781816206719,
      "dG": 1.1430106359503671,
      "dB": -0.00984718539114926,
      "sat_scale": 111.46984366624811,
      "left_scale": 16.367520706909705,
      "right_scale": 21.620645507048366,
      "highlight_rolloff": 74.97683957303417,
      "face_warm_desat": 59.69709306634233,
      "right_warm_add": 0.8748019307139313
    },
    "L_mean": {
      "global_gain": 83.46516129576894,
      "global_gamma": -65.31296690254726,
      "dR": 0.21715294840212745,
      "dG": 0.4852193075033235,
      "dB": 0.056404284400657756,
      "sat_scale": -17.743165498706194,
      "left_scale": -0.24968018163664474,
      "right_scale": -2.632199611688371,
      "highlight_rolloff": -2.186637259311433,
      "face_warm_desat": 1.396094580550478,
      "right_warm_add": 0.09871143705913837
    },
    "a_mean": {
      "global_gain": 7.706798666333473,
      "global_gamma": -9.494690693781012,
      "dR": 0.3314019683713524,
      "dG": -0.4839597326688486,
      "dB": 0.15466996486984858,
      "sat_scale": 6.82043834782331,
      "left_scale": 0.3210881572483477,
      "right_scale": -0.2941454841356686,
      "highlight_rolloff": 2.305105689168859,
      "face_warm_desat": -1.4464320519197895,
      "right_warm_add": 0.04524823568422358
    },
    "b_mean": {
      "global_gain": 1.3201242181782153,
      "global_gamma": -4.616724035312898,
      "dR": 0.14547695575878886,
      "dG": 0.30163924385365204,
      "dB": -0.4496208758073563,
      "sat_scale": 6.482358287114478,
      "left_scale": -0.9345358673319848,
      "right_scale": -0.041487050073098386,
      "highlight_rolloff": -1.408234454968229,
      "face_warm_desat": 0.7756513880350497,
      "right_warm_add": -0.022528992825760485
    },
    "H_mean": {
      "global_gain": 25.916322457589615,
      "global_gamma": -13.995789296378268,
      "dR": -0.42413685772288956,
      "dG": -1.1784748300769905,
      "dB": 2.359200465441334,
      "sat_scale": 10.22060629229238,
      "left_scale": 8.705203963740676,
      "right_scale": 8.24392518809428,
      "highlight_rolloff": 38.21105596414213,
      "face_warm_desat": 18.808501047977288,
      "right_warm_add": 0.7244311082178337
    },
    "S_mean": {
      "global_gain": 38.546510537306496,
      "global_gamma": -26.9922543292325,
      "dR": -0.5473781816206719,
      "dG": 1.1430106359503671,
      "dB": -0.00984718539114926,
      "sat_scale": 111.46984366624811,
      "left_scale": 16.367520706909705,
      "right_scale": 21.620645507048366,
      "highlight_rolloff": 74.97683957303417,
      "face_warm_desat": 59.69709306634233,
      "right_warm_add": 0.8748019307139313
    },
    "V_mean": {
      "global_gain": 99.70605133927816,
      "global_gamma": -82.92068647830251,