{
  "B": {
    "Y_mean": {
      "global_gain": 94.94687071723392,
      "global_gamma": -68.53083819200668,
      "dR": 0.25918142178057746,
      "dG": 0.5517624510179253,
      "dB": 0.0737615972806783,
      "sat_scale": -18.922050193907477,
      "left_scale": 0.7769450270414353,
      "right_scale": 0.1550189760345757,
      "highlight_rolloff": -0.20726776947803538,
      "face_warm_desat": 1.486955013904494,
      "right_warm_add": 0.14313949223441985
    },
    "Y_std": {
      "global_gain": 55.17454248576951,
      "global_gamma": -4.059143406150009,
      "dR": 0.014282435170473694,
      "dG": 0.010878826276049715,
      "dB": 0.011281541836740057,
      "sat_scale": 0.03285075824483319,
      "left_scale": 1.4907422863160895,
      "right_scale": 0.14713896414314803,
      "highlight_rolloff": -1.389942074191287,
      "face_warm_desat": -2.8504370517324675,
      "right_warm_add": -0.1646116882017011
    },
    "Y_p10": {
      "global_gain": 14.569699403850658,
      "global_gamma": -36.67722915519661,
      "dR": 0.22401169684724717,
      "dG": 0.454619609858474,
      "dB": 0.028303064721013974,
      "sat_scale": -10.345657334986303,
      "left_scale": -1.2171774641417281,
      "right_scale": -0.7722188870884921,
      "highlight_rolloff": 2.538164329475273,
      "face_warm_desat": 7.153498046633652,
      "right_warm_add": 0.5298447302724604
    },
    "Y_p50": {
      "global_gain": 99.03941467197282,
      "global_gamma": -90.47237912782356,
      "dR": 0.2737748290469733,
      "dG": 0.6122010793255825,
      "dB": 0.09294140103870578,
      "sat_scale": -23.92749661658892,
      "left_scale": 0.4108307600387292,
      "right_scale": 0.7823034827891981,
      "highlight_rolloff": -0.3644517923260606,
      "face_warm_desat": 1.8646829626064796,
      "right_warm_add": 0.14473410126164754
    },
    "Y_p90": {
      "global_gain": 171.92197083111546,
      "global_gamma": -56.948424602589526,
      "dR": 0.2801912615097417,
      "dG": 0.5329037683182746,
      "dB": 0.06435582973140487,
      "sat_scale": -14.363358665970473,
      "left_scale": 3.3745220590031337,
      "right_scale": 0.1526081554499663,
      "highlight_rolloff": -0.8561330068757904,
      "face_warm_desat": -2.7509636903488586,
      "right_warm_add": -0.02724371143621268
    },
    "Y_p99": {
      "global_gain": 168.99369272469124,
      "global_gamma": -27.075901271186495,
      "dR": 0.24331652338895338,
      "dG": 0.34603384336039006,
      "dB": 0.13031193675475974,
      "sat_scale": -18.226132081716653,
      "left_scale": 5.92237039207696,
      "right_scale": -2.00204200650957,
      "highlight_rolloff": -8.823829367337424,
      "face_warm_desat": -16.091771200643272,
      "right_warm_add": -0.7406369136467313
    },
    "R_mean": {
      "global_gain": 106.69683128113974,
      "global_gamma": -85.60069844211506,
      "dR": 0.940921268608299,
      "dG": -0.01584963902744166,
      "dB": -0.031068434237459162,
      "sat_scale": -8.082701911514157,
      "left_scale": 0.9301540078517403,
      "right_scale": 0.30781737816988697,
      "highlight_rolloff": 0.48408192676513906,
      "face_warm_desat": 0.6851886629540722,
      "right_warm_add": 0.2131003350548839
    },
    "G_mean": {
      "global_gain": 89.93999321929105,
      "global_gamma": -60.99812857665269,
      "dR": -0.034032149479748114,
      "dG": 0.9493143268386379,
      "dB": -0.03409442512004679,
      "sat_scale": -23.120285768865273,
      "left_scale": 0.4570365964484766,
      "right_scale": 0.15361442689505533,
      "highlight_rolloff": -0.5888547256721273,
      "face_warm_desat": 1.9832425554943778,
      "right_warm_add": 0.1067994113297025
    },
    "B_mean": {
      "global_gain": 89.91035567114403,
      "global_gamma": -62.54664454965344,
      "dR": -0.019098386574378165,
      "dG": -0.00653845253437085,
      "dB": 0.9040760873826876,
      "sat_scale": -25.734276440675668,
      "left_scale": 2.0222590415913935,
      "right_scale": -0.23859531755711058,
      "highlight_rolloff": -0.05586327703443095,
      "face_warm_desat": 1.0344978385389831,
      "right_warm_add": 0.1467691677855015
    },
    "color_temp": {
      "global_gain": 16.7864756099957,
      "global_gamma": -23.05405389246161,
      "dR": 0.9600196551826774,
      "dG": -0.00931118649307075,
      "dB": -0.9351445216201467,
      "sat_scale": 17.65157452916151,
      "left_scale": -1.0921050337396503,
      "right_scale": 0.5464126957269955,
      "highlight_rolloff": 0.5399452037995758,
      "face_warm_desat": -0.34930917558490693,
      "right_warm_add": 0.06633116726938254
    },
    "tint": {
      "global_gain": -8.363597756518926,
      "global_gamma": 13.075543955295046,
      "dR": -0.49494358448033204,
      "dG": 0.9605083628582953,
      "dB": -0.4705982621820811,
      "sat_scale": -6.211797711033023,
      "left_scale": -1.0191699961954548,
      "right_scale": 0.1190041711263794,
      "highlight_rolloff": -0.8029658760393357,
      "face_warm_desat": 1.1233943956371624,
      "right_warm_add": -0.07313558733154787
    },
    "sat_mean": {
      "global_gain": -23.39117527744575,
      "global_gamma": 4.869365013956379,
      "dR": 0.3271060135914632,
      "dG": -0.29751403027349516,
      "dB": -0.600832358858469,
      "sat_scale": 89.09384101725458,
      "left_scale": 5.9306684653311645,
      "right_scale": -1.8104249766124916,
      "highlight_rolloff": 26.37659874638149,
      "face_warm_desat": 5.812339252372383,
      "right_warm_add": 0.8773864768524064
    },
    "L_mean": {
      "global_gain": 96.71506257403578,
      "global_gamma": -73.55594565521113,
      "dR": 0.24224625746211007,
      "dG": 0.6189195217601517,
      "dB": 0.029518864039297224,
      "sat_scale": -15.96799884883304,
      "left_scale": 0.8537898203051184,
      "right_scale": 0.02090002208372621,
      "highlight_rolloff": 0.7941066848635545,
      "face_warm_desat": 1.826176859163008,
      "right_warm_add": 0.18515611611490723
    },
    "a_mean": {
      "global_gain": 6.323703274109355,
      "global_gamma": -10.575107384011943,
      "dR": 0.37323170476136724,
      "dG": -0.5279722815910324,
      "dB": 0.1655435303761644,
      "sat_scale": 6.510758365873912,
      "left_scale": 0.430712268991011,
      "right_scale": 0.23466649759026048,
      "highlight_rolloff": 0.915006990987262,
      "face_warm_desat": -0.3521563147272217,
      "right_warm_add": 0.02403141368640391
    },
    "b_mean": {
      "global_gain": 3.2841114449893114,
      "global_gamma": -4.371290187341472,
      "dR": 0.1577687164905373,
      "dG": 0.3501430084370941,
      "dB": -0.5152170498864403,
      "sat_scale": 6.233752936867456,
      "left_scale": -0.6253173050067027,
      "right_scale": 0.15277135799751274,
      "highlight_rolloff": 0.09942492099423372,
      "face_warm_desat": 0.2403412168279444,
      "right_warm_add": 0.01508660320829408
    },
    "H_mean": {
      "global_gain": 3.4911098804277136,
      "global_gamma": -2.798862829658603,
      "dR": -0.17506531334269404,
      "dG": -2.0402661352810645,
      "dB": 2.5301137693034983,
      "sat_scale": 0.21285077574902722,
      "left_scale": 4.617437404164711,
      "right_scale": 0.14039078041505282,
      "highlight_rolloff": 12.471866036717898,
      "face_warm_desat": -9.242616194170296,
      "right_warm_add": 0.3411504429957717
    },
    "S_mean": {
      "global_gain": -23.39117527744575,
      "global_gamma": 4.869365013956379,
      "dR": 0.3271060135914632,
      "dG": -0.29751403027349516,
      "dB": -0.600832358858469,
      "sat_scale": 89.09384101725458,
      "left_scale": 5.9306684653311645,
      "right_scale": -1.8104249766124916,
      "highlight_rolloff": 26.37659874638149,
      "face_warm_desat": 5.812339252372383,
      "right_warm_add": 0.8773864768524064
    },
    "V_mean": {
      "global_gain": 108.95396094315171,
      "global_gamma": -90.37152388708392,
      "dR": 0.5741397360757068,